auc,f1,recall,precision_all,acc
0.7012755762755762,0.7351778656126481,0.7948717948717948,0.6838235294117647,0.6338797814207651
0.9103313840155944,0.11764705882352941,0.08333333333333333,0.2,0.9180327868852459
0.6600631639391329,0.31250000000000006,0.2777777777777778,0.35714285714285715,0.639344262295082
