auc,f1,recall,precision_all,acc
0.36567599067599066,0.6691176470588235,0.7777777777777778,0.5870967741935483,0.5081967213114754
0.44590643274853803,0.0,0.0,0.0,0.8825136612021858
0.2986111111111111,0.0,0.0,0.0,0.6038251366120219
