auc,f1,recall,precision_all,acc
0.4716049382716049,0.30379746835443044,0.4,0.24489795918367346,0.5045045045045045
0.5552631578947368,0.26229508196721313,0.5,0.17777777777777778,0.5945945945945946
0.48863636363636365,0.0,0.0,0.0,0.7747747747747747
0.5132850241545894,0.2456140350877193,0.16666666666666666,0.4666666666666667,0.6126126126126126
