auc,f1,recall,precision_all,acc
0.5552965552965552,0.5387931034482758,0.5341880341880342,0.5434782608695652,0.41530054644808745
0.9020467836257309,0.0,0.0,0.0,0.9234972677595629
0.4768877404536319,0.049999999999999996,0.05555555555555555,0.045454545454545456,0.3770491803278688
